Workbook

Sheet Dashboard
B2: CBL COACHING — ALEXANDRE MAFILLE | N2: 149 JOURS
B3: Objectif: Niveau Espoir (Div 3) | Plan: 12 semaines | Baseline: 2026-04-04 | N3: avant la compétition
B5: PERFORMANCES ACTUELLES → OBJECTIFS 3 MOIS
B6: Mouvement | C6: Baseline | D6: Objectif S4 | E6: Objectif S8 | F6: Objectif S12 | G6: Test récent | H6: Progression | I6: Statut
B7: Tractions | C7: 23 | D7: 25 | E7: 28 | F7: 30 | G7: =IFERROR(MAX(Progression!B9:Z9),"-") | H7: =IFERROR(ROUND((G7-C7)/(G7-C7)*100,0)&"%","-") | I7: =IFERROR(IF(G7>=30,"✓ ATTEINT",IF(G7>=28,"→ EN ROUTE","⚠ À BOOSTER")),"—")
B8: Muscle-up | C8: 7 | D8: 9 | E8: 10 | F8: 12 | G8: =IFERROR(MAX(Progression!B10:Z10),"-") | H8: =IFERROR(ROUND((G8-C8)/(G8-C8)*100,0)&"%","-") | I8: =IFERROR(IF(G8>=12,"✓ ATTEINT",IF(G8>=10,"→ EN ROUTE","⚠ À BOOSTER")),"—")
B9: Dips | C9: 30 | D9: 35 | E9: 38 | F9: 40 | G9: =IFERROR(MAX(Progression!B11:Z11),"-") | H9: =IFERROR(ROUND((G9-C9)/(G9-C9)*100,0)&"%","-") | I9: =IFERROR(IF(G9>=40,"✓ ATTEINT",IF(G9>=38,"→ EN ROUTE","⚠ À BOOSTER")),"—")
B10: Pompes | C10: 52 | D10: 58 | E10: 62 | F10: 65 | G10: =IFERROR(MAX(Progression!B12:Z12),"-") | H10: =IFERROR(ROUND((G10-C10)/(G10-C10)*100,0)&"%","-") | I10: =IFERROR(IF(G10>=65,"✓ ATTEINT",IF(G10>=62,"→ EN ROUTE","⚠ À BOOSTER")),"—")
B11: Goblet @16kg | C11: 30 | D11: 34 | E11: 37 | F11: 40 | G11: =IFERROR(MAX(Progression!B13:Z13),"-") | H11: =IFERROR(ROUND((G11-C11)/(G11-C11)*100,0)&"%","-") | I11: =IFERROR(IF(G11>=40,"✓ ATTEINT",IF(G11>=37,"→ EN ROUTE","⚠ À BOOSTER")),"—")
B13: SEMAINE EN COURS
B14: Semaine 1 / 12 | Mois 1 — Base Lactique | 04/04/2026 | H14: 1/12

Sheet Progression
B2: SUIVI DE PROGRESSION — TESTS DE PERFORMANCE
B4: Date | C4: Semaine | D4: Label | E4: Tractions | F4: Muscle-up | G4: Dips | H4: Pompes | I4: Goblet @16kg | J4: Note
B5: 04/04/2026 | C5: 0 | D5: Baseline | E5: 23 | F5: 7 | G5: 30 | H5: 52 | I5: 30 | J5: Point de départ
B58: OBJECTIFS DE RÉFÉRENCE
B59: Mouvement | C59: S4 | D59: S8 | E59: S12 (cible)
B60: Tractions | C60: 25 | D60: 28 | E60: 30
B61: Muscle-up | C61: 9 | D61: 10 | E61: 12
B62: Dips | C62: 35 | D62: 38 | E62: 40
B63: Pompes | C63: 58 | D63: 62 | E63: 65
B64: Goblet @16kg | C64: 34 | D64: 37 | E64: 40

Sheet Circuits CBL
B2: SIMULATION CIRCUITS CBL — SUIVI DES TEMPS
B3: Objectif: compléter chaque circuit AVANT le Time Cap. Note tes temps et stations non finies.
B5: Date | C5: Circuit | D5: Time Cap | E5: Temps réalisé | F5: Stations ✓ | G5: Stations ✗ | H5: Gap vs cap | I5: % complété | J5: Note / Ressenti
C6: OQ7 Amateur 1st Round | D6: 6:00 | G6: =8 | H6: =IFERROR(E6-D6,"") | I6: =IFERROR(F6/G6*100,0)
C7: OQ7 Amateur 2nd Round | D7: 6:00 | G7: =9 | H7: =IFERROR(E7-D7,"") | I7: =IFERROR(F7/G7*100,0)
C8: OQ7 Amateur ½ Finale | D8: 8:00 | G8: =10 | H8: =IFERROR(E8-D8,"") | I8: =IFERROR(F8/G8*100,0)
C9: OQ7 Amateur Finale | D9: 10:00 | G9: =12 | H9: =IFERROR(E9-D9,"") | I9: =IFERROR(F9/G9*100,0)
C10: Premiers Pas 1er Tour | D10: 6:00 | G10: =8 | H10: =IFERROR(E10-D10,"") | I10: =IFERROR(F10/G10*100,0)
C11: Premiers Pas 2e Tour | D11: 6:00 | G11: =7 | H11: =IFERROR(E11-D11,"") | I11: =IFERROR(F11/G11*100,0)
C12: WOD Espoir (Div3) | D12: 8:00 | G12: =9 | H12: =IFERROR(E12-D12,"") | I12: =IFERROR(F12/G12*100,0)
B18: DÉTAIL CIRCUITS — RÉFÉRENCE
B19: OQ7 Amateur 1st Round — Time Cap 6'
B20: 1 | C20: 1 Muscle-up + 10 Push-up
B21: 2 | C21: 1 Muscle-up + 15 Push-up
B22: 3 | C22: 1 Muscle-up + 20 Push-up
B23: 4 | C23: 6 Pull-up + 6 Goblet @16kg
B24: 5 | C24: 8 Pull-up + 9 Goblet @16kg
B25: 6 | C25: 10 Pull-up + 12 Goblet @16kg
B26: 7 | C26: 8 Pull-up + 9 Goblet @16kg
B27: 8 | C27: 6 Pull-up + 6 Goblet @16kg
B29: OQ7 Amateur 2nd Round — Time Cap 6'
B30: 1 | C30: 5 Chest Pull @5kg
B31: 2 | C31: 1 Muscle-up
B32: 3 | C32: 15 Dips
B33: 4 | C33: 12 Dips @10kg
B34: 5 | C34: 9 Dips @20kg
B35: 6 | C35: 12 Pull-up
B36: 7 | C36: 9 Pull-up @5kg
B37: 8 | C37: 6 Pull-up @10kg
B38: 9 | C38: 3 Pull-up @15kg
B40: WOD Espoir (objectif) — Time Cap 8'
B41: 1 | C41: 1 MU + 10 Single Bar Dips + 5 Pull-up
B42: 2 | C42: 30 Dips
B43: 3 | C43: 15 Squat @40kg
B44: 4 | C44: 10 Pull-up @5kg
B45: 5 | C45: 20 Dips @10kg
B46: 6 | C46: 15 Squat @40kg
B47: 7 | C47: 10 Dips @20kg
B48: 8 | C48: 1 MU ou 4 Chest Pull
B49: 9 | C49: 15 Pull-up

Sheet Plan Entraînement
B2: PLAN 3 MOIS — CALISTHENICS BATTLE LEAGUE
B4: MOIS 1 — BASE LACTIQUE | D4: Sem 1–4 | E4: Construire la tolérance lactique et le volume de travail
B5: MOIS 2 — SPÉCIFICITÉ CBL | D5: Sem 5–8 | E5: Reproduction des circuits CBL sous pression temporelle
B6: MOIS 3 — PEAKING | D6: Sem 9–12 | E6: Simulation compétition + décharge contrôlée (deload Sem 11-12)
B8: Sem | C8: Phase | D8: Séance 1 | E8: Séance 2 | F8: Séance 3 | G8: Séance 4 | H8: Séance 5 | I8: Déload? | J8: Focus principal
B9: 1 | C9: Base Lactique | D9: Force Pull/MU | E9: Lactique Push | F9: Circuit x4 | G9: Récup Active | I9: - | J9: Qualité d'exécution
B10: 2 | C10: Base Lactique | D10: Force Pull/MU | E10: Lactique Push | F10: Circuit x4 | G10: Récup Active | I10: - | J10: Récupération entre séries
B11: 3 | C11: Base Lactique | D11: Force Pull/MU | E11: Lactique Push | F11: Circuit x5 | G11: Récup Active | H11: AMRAP 6min | I11: - | J11: Tolérance lactique
B12: 4 | C12: Base Lactique | D12: Force Pull/MU | E12: Lactique Push | F12: Circuit x5 | G12: Simulation légère | H12: Récup Active | I12: - | J12: Montée volume
B13: 5 | C13: Spécificité | D13: Force Max Pull | E13: Circuit CBL x2 | F13: Récup Active | G13: Densité max | H13: Simulation 6min | I13: - | J13: Premier circuit CBL complet
B14: 6 | C14: Spécificité | D14: Force Max Pull | E14: Circuit CBL x2 | F14: Récup Active | G14: Densité max | H14: Simulation 6min | I14: - | J14: Réduire pauses
B15: 7 | C15: Spécificité | D15: Force lestée | E15: Circuit CBL x3 | F15: Récup Active | G15: Densité max | H15: Simulation x2 | I15: - | J15: Circuit sans pause
B16: 8 | C16: Spécificité | D16: Force lestée | E16: Circuit CBL x3 | F16: Récup Active | G16: Intensité courte | H16: Simulation x2 | I16: - | J16: Set 1 + Set 2 enchaînés
B17: 9 | C17: Peaking | D17: Force Activation | E17: Simulation comp. | F17: Polissage tech. | G17: Intensité courte | H17: Récup mentale | I17: - | J17: Conditions réelles
B18: 10 | C18: Peaking | D18: Force Activation | E18: Simulation comp. | F18: Polissage tech. | G18: Intensité courte | H18: Récup mentale | I18: - | J18: Pic de forme
B19: 11 | C19: Taper | D19: Entretien léger | E19: Simulation 70% | F19: Récup totale | I19: OUI | J19: Décharger la fatigue
B20: 12 | C20: Taper | D20: Activation légère | E20: Feeling circuit | F20: Récup totale | I20: OUI | J20: Arriver frais

Sheet Log Séances
B2: LOG DES SÉANCES — SAISIE RAPIDE
B4: Date | C4: Sem | D4: Type | E4: Nom séance | F4: Durée (min) | G4: RPE /10 | H4: Tractions | I4: MU | J4: Dips | K4: Pompes | L4: Goblet | M4: Notes / Circuit

Sheet Prépa Compétition
B2: PRÉPARATION COMPÉTITION CBL
B4: DATE COMPÉTITION: | C4: 46266 | D4: JOURS RESTANTS: | E4: =DATEDIF(TODAY(),C4,"D")
B6: CHECKLIST PRÉPARATION
B7: # | C7: Élément | D7: Statut | E7: Délai | F7: Notes
B8: 1 | C8: [Physique] Compléter le plan 12 semaines | D8: En cours | E8: S12
B9: 2 | C9: [Physique] Tester circuit CBL complet en <6 min | D9: À faire | E9: S10 | F9: OQ7 Amateur R1
B10: 3 | C10: [Physique] Simulation 2 sets enchaînés | D10: À faire | E10: S10
B11: 4 | C11: [Physique] Test maxi tractions (objectif: 30) | D11: À faire | E11: S8 + S12
B12: 5 | C12: [Physique] Test maxi muscle-up (objectif: 12) | D12: À faire | E12: S8 + S12
B13: 6 | C13: [Logistique] Vérifier inscription CBL | D13: À faire | E13: 8 sem avant
B14: 7 | C14: [Logistique] Confirmer les divisions et circuits attendus | D14: À faire | E14: 4 sem avant
B15: 8 | C15: [Logistique] Transport + hébergement | D15: À faire | E15: 6 sem avant
B16: 9 | C16: [Matériel] Tenu de compétition | D16: À faire | E16: 4 sem avant
B17: 10 | C17: [Matériel] Magnésie + grip support | D17: À faire | E17: J-7
B18: 11 | C18: [Mental] Visualisation circuit CBL x10 | D18: En cours | E18: Continu | F18: 5 min/jour
B19: 12 | C19: [Mental] Protocole warm-up jour J | D19: À faire | E19: S10
B20: 13 | C20: [Récup] Bilan kiné / physio si besoin | D20: À faire | E20: S10
B21: 14 | C21: [Récup] Protocole sommeil la semaine avant | D21: À faire | E21: J-7
